record_file,record_number,admission_date,discharge_date,age_at_admission_years,los_days,sex,primary_icd10,diagnosis_icd10,diagnosis_text,comorbidity_icd10,gmfcs,macs,barthel_admission,barthel_discharge,gmfm_admission,gmfm_discharge,fim_admission,fim_discharge,shm_admission,shm_discharge,shm_effectiveness,shm_potential_admission,shm_potential_discharge,psych_dev_level,onr_level_min,onr_level_max,delivery_mode,birth_weight_g,gestational_age_weeks,is_repeat_admission,vaccination_status,family_history_neurodevel,therapies_received,therapy_count,sessions_speech,sessions_music,sessions_play,sessions_defect,sessions_ergo,sessions_kinesio,sessions_hydro,sessions_psych,sessions_physio_smt,sessions_physio_electro,sessions_ozokerite,sessions_oxygen,outcome,outcome_std
anon_001.pdf,NA,NA,NA,NA,NA,M,NA,NA,NA,NA,2,4,NA,NA,NA,NA,NA,NA,2.77,2.12,NA,Medium,Medium,NA,NA,NA,NA,NA,NA,No,NA,NA,NA,0,NA,NA,NA,NA,NA,NA,NA,NA,NA,NA,NA,NA,NA,NA
anon_002.pdf,NA,NA,NA,NA,NA,M,NA,NA,NA,NA,3,5,NA,NA,NA,NA,NA,NA,1.58,1.52,NA,High,High,NA,NA,NA,NA,NA,NA,No,NA,NA,NA,0,NA,NA,NA,NA,NA,NA,NA,NA,NA,NA,NA,NA,NA,NA
anon_003.pdf,NA,NA,NA,NA,NA,M,NA,NA,NA,NA,2,3,NA,NA,NA,NA,NA,NA,3.53,2.91,NA,Low,Medium,NA,NA,NA,NA,NA,NA,No,NA,NA,NA,0,NA,NA,NA,NA,NA,NA,NA,NA,NA,NA,NA,NA,NA,NA
anon_004.pdf,NA,NA,NA,NA,NA,M,NA,NA,NA,NA,2,2,NA,NA,NA,NA,NA,NA,2.53,2.46,NA,Medium,Medium,NA,NA,NA,NA,NA,NA,No,NA,NA,NA,0,NA,NA,NA,NA,NA,NA,NA,NA,NA,NA,NA,NA,NA,NA
anon_005.pdf,NA,NA,NA,NA,NA,NA,NA,NA,NA,NA,5,2,NA,NA,NA,NA,NA,NA,2.52,2.43,NA,Medium,Medium,NA,NA,NA,NA,NA,NA,No,NA,NA,NA,0,NA,NA,NA,NA,NA,NA,NA,NA,NA,NA,NA,NA,NA,NA
anon_006.pdf,NA,NA,NA,NA,NA,NA,NA,NA,NA,NA,1,5,NA,NA,NA,NA,NA,NA,3.3,3.2,NA,Low,Low,NA,NA,NA,NA,NA,NA,No,NA,NA,NA,0,NA,NA,NA,NA,NA,NA,NA,NA,NA,NA,NA,NA,NA,NA
anon_007.pdf,NA,NA,NA,NA,NA,F,NA,NA,NA,NA,1,1,NA,NA,NA,NA,NA,NA,1.69,0.97,NA,High,High,NA,NA,NA,NA,NA,NA,No,NA,NA,NA,0,NA,NA,NA,NA,NA,NA,NA,NA,NA,NA,NA,NA,NA,NA
anon_008.pdf,NA,NA,NA,NA,NA,F,NA,NA,NA,NA,1,4,NA,NA,NA,NA,NA,NA,3.18,2.54,NA,Low,Medium,NA,NA,NA,NA,NA,NA,No,NA,NA,NA,0,NA,NA,NA,NA,NA,NA,NA,NA,NA,NA,NA,NA,NA,NA
anon_009.pdf,NA,NA,NA,NA,NA,M,NA,NA,NA,NA,4,2,NA,NA,NA,NA,NA,NA,3.59,2.87,NA,Low,Medium,NA,NA,NA,NA,NA,NA,No,NA,NA,NA,0,NA,NA,NA,NA,NA,NA,NA,NA,NA,NA,NA,NA,NA,NA
anon_010.pdf,NA,NA,NA,NA,NA,M,NA,NA,NA,NA,1,5,NA,NA,NA,NA,NA,NA,1.24,1.09,NA,High,High,NA,NA,NA,NA,NA,NA,No,NA,NA,NA,0,NA,NA,NA,NA,NA,NA,NA,NA,NA,NA,NA,NA,NA,NA
anon_011.pdf,NA,NA,NA,NA,NA,M,NA,NA,NA,NA,3,1,NA,NA,NA,NA,NA,NA,1.03,0.53,NA,High,High,NA,NA,NA,NA,NA,NA,No,NA,NA,NA,0,NA,NA,NA,NA,NA,NA,NA,NA,NA,NA,NA,NA,NA,NA
anon_012.pdf,NA,NA,NA,NA,NA,M,NA,NA,NA,NA,1,1,NA,NA,NA,NA,NA,NA,3.23,3.11,NA,Low,Low,NA,NA,NA,NA,NA,NA,No,NA,NA,NA,0,NA,NA,NA,NA,NA,NA,NA,NA,NA,NA,NA,NA,NA,NA
anon_013.pdf,NA,NA,NA,NA,NA,F,NA,NA,NA,NA,5,1,NA,NA,NA,NA,NA,NA,3.5,3.03,NA,Low,Low,NA,NA,NA,NA,NA,NA,No,NA,NA,NA,0,NA,NA,NA,NA,NA,NA,NA,NA,NA,NA,NA,NA,NA,NA
anon_014.pdf,NA,NA,NA,NA,NA,M,NA,NA,NA,NA,3,2,NA,NA,NA,NA,NA,NA,3.36,3.27,NA,Low,Low,NA,NA,NA,NA,NA,NA,No,NA,NA,NA,0,NA,NA,NA,NA,NA,NA,NA,NA,NA,NA,NA,NA,NA,NA
anon_015.pdf,NA,NA,NA,NA,NA,M,NA,NA,NA,NA,5,3,NA,NA,NA,NA,NA,NA,1.11,0.63,NA,High,High,NA,NA,NA,NA,NA,NA,No,NA,NA,NA,0,NA,NA,NA,NA,NA,NA,NA,NA,NA,NA,NA,NA,NA,NA
anon_016.pdf,NA,NA,NA,NA,NA,F,NA,NA,NA,NA,5,3,NA,NA,NA,NA,NA,NA,3.0,2.74,NA,Low,Medium,NA,NA,NA,NA,NA,NA,No,NA,NA,NA,0,NA,NA,NA,NA,NA,NA,NA,NA,NA,NA,NA,NA,NA,NA
anon_017.pdf,NA,NA,NA,NA,NA,F,NA,NA,NA,NA,1,3,NA,NA,NA,NA,NA,NA,2.55,2.04,NA,Medium,Medium,NA,NA,NA,NA,NA,NA,No,NA,NA,NA,0,NA,NA,NA,NA,NA,NA,NA,NA,NA,NA,NA,NA,NA,NA
anon_018.pdf,NA,NA,NA,NA,NA,F,NA,NA,NA,NA,1,4,NA,NA,NA,NA,NA,NA,1.66,1.02,NA,High,High,NA,NA,NA,NA,NA,NA,No,NA,NA,NA,0,NA,NA,NA,NA,NA,NA,NA,NA,NA,NA,NA,NA,NA,NA
anon_019.pdf,NA,NA,NA,NA,NA,F,NA,NA,NA,NA,5,4,NA,NA,NA,NA,NA,NA,2.88,2.66,NA,Medium,Medium,NA,NA,NA,NA,NA,NA,No,NA,NA,NA,0,NA,NA,NA,NA,NA,NA,NA,NA,NA,NA,NA,NA,NA,NA
anon_020.pdf,NA,NA,NA,NA,NA,M,NA,NA,NA,NA,1,5,NA,NA,NA,NA,NA,NA,2.14,2.14,NA,Medium,Medium,NA,NA,NA,NA,NA,NA,No,NA,NA,NA,0,NA,NA,NA,NA,NA,NA,NA,NA,NA,NA,NA,NA,NA,NA
anon_021.pdf,NA,NA,NA,NA,NA,F,NA,NA,NA,NA,5,1,NA,NA,NA,NA,NA,NA,1.25,0.91,NA,High,High,NA,NA,NA,NA,NA,NA,No,NA,NA,NA,0,NA,NA,NA,NA,NA,NA,NA,NA,NA,NA,NA,NA,NA,NA
anon_022.pdf,NA,NA,NA,NA,NA,F,NA,NA,NA,NA,1,2,NA,NA,NA,NA,NA,NA,1.6,1.58,NA,High,High,NA,NA,NA,NA,NA,NA,No,NA,NA,NA,0,NA,NA,NA,NA,NA,NA,NA,NA,NA,NA,NA,NA,NA,NA
anon_023.pdf,NA,NA,NA,NA,NA,M,NA,NA,NA,NA,1,5,NA,NA,NA,NA,NA,NA,3.07,2.57,NA,Low,Medium,NA,NA,NA,NA,NA,NA,No,NA,NA,NA,0,NA,NA,NA,NA,NA,NA,NA,NA,NA,NA,NA,NA,NA,NA
anon_024.pdf,NA,NA,NA,NA,NA,M,NA,NA,NA,NA,5,5,NA,NA,NA,NA,NA,NA,3.32,2.95,NA,Low,Medium,NA,NA,NA,NA,NA,NA,No,NA,NA,NA,0,NA,NA,NA,NA,NA,NA,NA,NA,NA,NA,NA,NA,NA,NA
anon_025.pdf,NA,NA,NA,NA,NA,F,NA,NA,NA,NA,1,5,NA,NA,NA,NA,NA,NA,3.84,3.77,NA,Low,Low,NA,NA,NA,NA,NA,NA,No,NA,NA,NA,0,NA,NA,NA,NA,NA,NA,NA,NA,NA,NA,NA,NA,NA,NA
anon_026.pdf,NA,NA,NA,NA,NA,F,NA,NA,NA,NA,1,2,NA,NA,NA,NA,NA,NA,1.95,1.36,NA,High,High,NA,NA,NA,NA,NA,NA,No,NA,NA,NA,0,NA,NA,NA,NA,NA,NA,NA,NA,NA,NA,NA,NA,NA,NA
anon_027.pdf,NA,NA,NA,NA,NA,M,NA,NA,NA,NA,4,1,NA,NA,NA,NA,NA,NA,3.62,3.16,NA,Low,Low,NA,NA,NA,NA,NA,NA,No,NA,NA,NA,0,NA,NA,NA,NA,NA,NA,NA,NA,NA,NA,NA,NA,NA,NA
anon_028.pdf,NA,NA,NA,NA,NA,F,NA,NA,NA,NA,2,5,NA,NA,NA,NA,NA,NA,2.14,1.41,NA,Medium,High,NA,NA,NA,NA,NA,NA,No,NA,NA,NA,0,NA,NA,NA,NA,NA,NA,NA,NA,NA,NA,NA,NA,NA,NA
anon_029.pdf,NA,NA,NA,NA,NA,F,NA,NA,NA,NA,3,3,NA,NA,NA,NA,NA,NA,3.11,2.75,NA,Low,Medium,NA,NA,NA,NA,NA,NA,No,NA,NA,NA,0,NA,NA,NA,NA,NA,NA,NA,NA,NA,NA,NA,NA,NA,NA
anon_030.pdf,NA,NA,NA,NA,NA,M,NA,NA,NA,NA,5,4,NA,NA,NA,NA,NA,NA,2.31,1.83,NA,Medium,High,NA,NA,NA,NA,NA,NA,No,NA,NA,NA,0,NA,NA,NA,NA,NA,NA,NA,NA,NA,NA,NA,NA,NA,NA
anon_031.pdf,NA,NA,NA,NA,NA,NA,NA,NA,NA,NA,4,3,NA,NA,NA,NA,NA,NA,1.96,1.88,NA,High,High,NA,NA,NA,NA,NA,NA,No,NA,NA,NA,0,NA,NA,NA,NA,NA,NA,NA,NA,NA,NA,NA,NA,NA,NA
anon_032.pdf,NA,NA,NA,NA,NA,M,NA,NA,NA,NA,4,1,NA,NA,NA,NA,NA,NA,1.61,1.17,NA,High,High,NA,NA,NA,NA,NA,NA,No,NA,NA,NA,0,NA,NA,NA,NA,NA,NA,NA,NA,NA,NA,NA,NA,NA,NA
anon_033.pdf,NA,NA,NA,NA,NA,F,NA,NA,NA,NA,4,4,NA,NA,NA,NA,NA,NA,1.73,1.29,NA,High,High,NA,NA,NA,NA,NA,NA,No,NA,NA,NA,0,NA,NA,NA,NA,NA,NA,NA,NA,NA,NA,NA,NA,NA,NA
anon_034.pdf,NA,NA,NA,NA,NA,F,NA,NA,NA,NA,3,2,NA,NA,NA,NA,NA,NA,3.94,3.75,NA,Low,Low,NA,NA,NA,NA,NA,NA,No,NA,NA,NA,0,NA,NA,NA,NA,NA,NA,NA,NA,NA,NA,NA,NA,NA,NA
anon_035.pdf,NA,NA,NA,NA,NA,F,NA,NA,NA,NA,1,4,NA,NA,NA,NA,NA,NA,3.34,3.13,NA,Low,Low,NA,NA,NA,NA,NA,NA,No,NA,NA,NA,0,NA,NA,NA,NA,NA,NA,NA,NA,NA,NA,NA,NA,NA,NA
anon_036.pdf,NA,NA,NA,NA,NA,NA,NA,NA,NA,NA,1,3,NA,NA,NA,NA,NA,NA,2.08,1.74,NA,Medium,High,NA,NA,NA,NA,NA,NA,No,NA,NA,NA,0,NA,NA,NA,NA,NA,NA,NA,NA,NA,NA,NA,NA,NA,NA
anon_037.pdf,NA,NA,NA,NA,NA,M,NA,NA,NA,NA,3,5,NA,NA,NA,NA,NA,NA,1.9,1.13,NA,High,High,NA,NA,NA,NA,NA,NA,No,NA,NA,NA,0,NA,NA,NA,NA,NA,NA,NA,NA,NA,NA,NA,NA,NA,NA
anon_038.pdf,NA,NA,NA,NA,NA,F,NA,NA,NA,NA,5,3,NA,NA,NA,NA,NA,NA,1.66,1.51,NA,High,High,NA,NA,NA,NA,NA,NA,No,NA,NA,NA,0,NA,NA,NA,NA,NA,NA,NA,NA,NA,NA,NA,NA,NA,NA
anon_039.pdf,NA,NA,NA,NA,NA,F,NA,NA,NA,NA,3,3,NA,NA,NA,NA,NA,NA,3.41,3.04,NA,Low,Low,NA,NA,NA,NA,NA,NA,No,NA,NA,NA,0,NA,NA,NA,NA,NA,NA,NA,NA,NA,NA,NA,NA,NA,NA
anon_040.pdf,NA,NA,NA,NA,NA,M,NA,NA,NA,NA,3,5,NA,NA,NA,NA,NA,NA,1.66,1.61,NA,High,High,NA,NA,NA,NA,NA,NA,No,NA,NA,NA,0,NA,NA,NA,NA,NA,NA,NA,NA,NA,NA,NA,NA,NA,NA
anon_041.pdf,NA,NA,NA,NA,NA,F,NA,NA,NA,NA,4,5,NA,NA,NA,NA,NA,NA,2.22,1.46,NA,Medium,High,NA,NA,NA,NA,NA,NA,No,NA,NA,NA,0,NA,NA,NA,NA,NA,NA,NA,NA,NA,NA,NA,NA,NA,NA
anon_042.pdf,NA,NA,NA,NA,NA,M,NA,NA,NA,NA,2,1,NA,NA,NA,NA,NA,NA,3.49,3.05,NA,Low,Low,NA,NA,NA,NA,NA,NA,No,NA,NA,NA,0,NA,NA,NA,NA,NA,NA,NA,NA,NA,NA,NA,NA,NA,NA
anon_043.pdf,NA,NA,NA,NA,NA,M,NA,NA,NA,NA,1,1,NA,NA,NA,NA,NA,NA,2.43,1.81,NA,Medium,High,NA,NA,NA,NA,NA,NA,No,NA,NA,NA,0,NA,NA,NA,NA,NA,NA,NA,NA,NA,NA,NA,NA,NA,NA
anon_044.pdf,NA,NA,NA,NA,NA,M,NA,NA,NA,NA,4,5,NA,NA,NA,NA,NA,NA,2.59,2.23,NA,Medium,Medium,NA,NA,NA,NA,NA,NA,No,NA,NA,NA,0,NA,NA,NA,NA,NA,NA,NA,NA,NA,NA,NA,NA,NA,NA
anon_045.pdf,NA,NA,NA,NA,NA,F,NA,NA,NA,NA,1,1,NA,NA,NA,NA,NA,NA,2.3,1.7,NA,Medium,High,NA,NA,NA,NA,NA,NA,No,NA,NA,NA,0,NA,NA,NA,NA,NA,NA,NA,NA,NA,NA,NA,NA,NA,NA
anon_046.pdf,NA,NA,NA,NA,NA,F,NA,NA,NA,NA,5,3,NA,NA,NA,NA,NA,NA,1.34,1.12,NA,High,High,NA,NA,NA,NA,NA,NA,No,NA,NA,NA,0,NA,NA,NA,NA,NA,NA,NA,NA,NA,NA,NA,NA,NA,NA
anon_047.pdf,NA,NA,NA,NA,NA,NA,NA,NA,NA,NA,2,4,NA,NA,NA,NA,NA,NA,2.26,1.99,NA,Medium,High,NA,NA,NA,NA,NA,NA,No,NA,NA,NA,0,NA,NA,NA,NA,NA,NA,NA,NA,NA,NA,NA,NA,NA,NA
anon_048.pdf,NA,NA,NA,NA,NA,F,NA,NA,NA,NA,5,4,NA,NA,NA,NA,NA,NA,2.58,2.33,NA,Medium,Medium,NA,NA,NA,NA,NA,NA,No,NA,NA,NA,0,NA,NA,NA,NA,NA,NA,NA,NA,NA,NA,NA,NA,NA,NA
anon_049.pdf,NA,NA,NA,NA,NA,M,NA,NA,NA,NA,4,1,NA,NA,NA,NA,NA,NA,2.31,1.94,NA,Medium,High,NA,NA,NA,NA,NA,NA,No,NA,NA,NA,0,NA,NA,NA,NA,NA,NA,NA,NA,NA,NA,NA,NA,NA,NA
anon_050.pdf,NA,NA,NA,NA,NA,M,NA,NA,NA,NA,3,2,NA,NA,NA,NA,NA,NA,2.0,1.87,NA,Medium,High,NA,NA,NA,NA,NA,NA,No,NA,NA,NA,0,NA,NA,NA,NA,NA,NA,NA,NA,NA,NA,NA,NA,NA,NA
anon_051.pdf,NA,NA,NA,NA,NA,M,NA,NA,NA,NA,3,3,NA,NA,NA,NA,NA,NA,1.45,1.4,NA,High,High,NA,NA,NA,NA,NA,NA,No,NA,NA,NA,0,NA,NA,NA,NA,NA,NA,NA,NA,NA,NA,NA,NA,NA,NA
anon_052.pdf,NA,NA,NA,NA,NA,F,NA,NA,NA,NA,4,5,NA,NA,NA,NA,NA,NA,2.96,2.7,NA,Medium,Medium,NA,NA,NA,NA,NA,NA,No,NA,NA,NA,0,NA,NA,NA,NA,NA,NA,NA,NA,NA,NA,NA,NA,NA,NA
anon_053.pdf,NA,NA,NA,NA,NA,F,NA,NA,NA,NA,1,3,NA,NA,NA,NA,NA,NA,1.28,0.74,NA,High,High,NA,NA,NA,NA,NA,NA,No,NA,NA,NA,0,NA,NA,NA,NA,NA,NA,NA,NA,NA,NA,NA,NA,NA,NA
anon_054.pdf,NA,NA,NA,NA,NA,F,NA,NA,NA,NA,3,2,NA,NA,NA,NA,NA,NA,3.85,3.58,NA,Low,Low,NA,NA,NA,NA,NA,NA,No,NA,NA,NA,0,NA,NA,NA,NA,NA,NA,NA,NA,NA,NA,NA,NA,NA,NA
anon_055.pdf,NA,NA,NA,NA,NA,NA,NA,NA,NA,NA,2,4,NA,NA,NA,NA,NA,NA,2.83,2.23,NA,Medium,Medium,NA,NA,NA,NA,NA,NA,No,NA,NA,NA,0,NA,NA,NA,NA,NA,NA,NA,NA,NA,NA,NA,NA,NA,NA
anon_056.pdf,NA,NA,NA,NA,NA,F,NA,NA,NA,NA,5,1,NA,NA,NA,NA,NA,NA,1.86,1.25,NA,High,High,NA,NA,NA,NA,NA,NA,No,NA,NA,NA,0,NA,NA,NA,NA,NA,NA,NA,NA,NA,NA,NA,NA,NA,NA
anon_057.pdf,NA,NA,NA,NA,NA,F,NA,NA,NA,NA,2,2,NA,NA,NA,NA,NA,NA,1.11,0.38,NA,High,High,NA,NA,NA,NA,NA,NA,No,NA,NA,NA,0,NA,NA,NA,NA,NA,NA,NA,NA,NA,NA,NA,NA,NA,NA
anon_058.pdf,NA,NA,NA,NA,NA,F,NA,NA,NA,NA,1,1,NA,NA,NA,NA,NA,NA,3.51,3.11,NA,Low,Low,NA,NA,NA,NA,NA,NA,No,NA,NA,NA,0,NA,NA,NA,NA,NA,NA,NA,NA,NA,NA,NA,NA,NA,NA
anon_059.pdf,NA,NA,NA,NA,NA,M,NA,NA,NA,NA,3,1,NA,NA,NA,NA,NA,NA,2.07,2.02,NA,Medium,Medium,NA,NA,NA,NA,NA,NA,No,NA,NA,NA,0,NA,NA,NA,NA,NA,NA,NA,NA,NA,NA,NA,NA,NA,NA
anon_060.pdf,NA,NA,NA,NA,NA,M,NA,NA,NA,NA,5,4,NA,NA,NA,NA,NA,NA,3.97,3.54,NA,Low,Low,NA,NA,NA,NA,NA,NA,No,NA,NA,NA,0,NA,NA,NA,NA,NA,NA,NA,NA,NA,NA,NA,NA,NA,NA
anon_061.pdf,NA,NA,NA,NA,NA,F,NA,NA,NA,NA,1,4,NA,NA,NA,NA,NA,NA,2.81,2.15,NA,Medium,Medium,NA,NA,NA,NA,NA,NA,No,NA,NA,NA,0,NA,NA,NA,NA,NA,NA,NA,NA,NA,NA,NA,NA,NA,NA
anon_062.pdf,NA,NA,NA,NA,NA,F,NA,NA,NA,NA,1,2,NA,NA,NA,NA,NA,NA,3.55,3.01,NA,Low,Low,NA,NA,NA,NA,NA,NA,No,NA,NA,NA,0,NA,NA,NA,NA,NA,NA,NA,NA,NA,NA,NA,NA,NA,NA
anon_063.pdf,NA,NA,NA,NA,NA,F,NA,NA,NA,NA,1,1,NA,NA,NA,NA,NA,NA,3.21,2.81,NA,Low,Medium,NA,NA,NA,NA,NA,NA,No,NA,NA,NA,0,NA,NA,NA,NA,NA,NA,NA,NA,NA,NA,NA,NA,NA,NA
anon_064.pdf,NA,NA,NA,NA,NA,F,NA,NA,NA,NA,2,2,NA,NA,NA,NA,NA,NA,3.38,2.97,NA,Low,Medium,NA,NA,NA,NA,NA,NA,No,NA,NA,NA,0,NA,NA,NA,NA,NA,NA,NA,NA,NA,NA,NA,NA,NA,NA
anon_065.pdf,NA,NA,NA,NA,NA,NA,NA,NA,NA,NA,1,4,NA,NA,NA,NA,NA,NA,2.4,1.99,NA,Medium,High,NA,NA,NA,NA,NA,NA,No,NA,NA,NA,0,NA,NA,NA,NA,NA,NA,NA,NA,NA,NA,NA,NA,NA,NA
anon_066.pdf,NA,NA,NA,NA,NA,M,NA,NA,NA,NA,3,5,NA,NA,NA,NA,NA,NA,2.6,2.2,NA,Medium,Medium,NA,NA,NA,NA,NA,NA,No,NA,NA,NA,0,NA,NA,NA,NA,NA,NA,NA,NA,NA,NA,NA,NA,NA,NA
anon_067.pdf,NA,NA,NA,NA,NA,M,NA,NA,NA,NA,4,2,NA,NA,NA,NA,NA,NA,3.41,2.86,NA,Low,Medium,NA,NA,NA,NA,NA,NA,No,NA,NA,NA,0,NA,NA,NA,NA,NA,NA,NA,NA,NA,NA,NA,NA,NA,NA
anon_068.pdf,NA,NA,NA,NA,NA,F,NA,NA,NA,NA,2,1,NA,NA,NA,NA,NA,NA,1.15,0.39,NA,High,High,NA,NA,NA,NA,NA,NA,No,NA,NA,NA,0,NA,NA,NA,NA,NA,NA,NA,NA,NA,NA,NA,NA,NA,NA
anon_069.pdf,NA,NA,NA,NA,NA,F,NA,NA,NA,NA,3,4,NA,NA,NA,NA,NA,NA,2.79,2.12,NA,Medium,Medium,NA,NA,NA,NA,NA,NA,No,NA,NA,NA,0,NA,NA,NA,NA,NA,NA,NA,NA,NA,NA,NA,NA,NA,NA
anon_070.pdf,NA,NA,NA,NA,NA,F,NA,NA,NA,NA,5,1,NA,NA,NA,NA,NA,NA,1.39,1.31,NA,High,High,NA,NA,NA,NA,NA,NA,No,NA,NA,NA,0,NA,NA,NA,NA,NA,NA,NA,NA,NA,NA,NA,NA,NA,NA
anon_071.pdf,NA,NA,NA,NA,NA,F,NA,NA,NA,NA,3,5,NA,NA,NA,NA,NA,NA,2.01,1.35,NA,Medium,High,NA,NA,NA,NA,NA,NA,No,NA,NA,NA,0,NA,NA,NA,NA,NA,NA,NA,NA,NA,NA,NA,NA,NA,NA
anon_072.pdf,NA,NA,NA,NA,NA,F,NA,NA,NA,NA,2,2,NA,NA,NA,NA,NA,NA,1.09,0.33,NA,High,High,NA,NA,NA,NA,NA,NA,No,NA,NA,NA,0,NA,NA,NA,NA,NA,NA,NA,NA,NA,NA,NA,NA,NA,NA
anon_073.pdf,NA,NA,NA,NA,NA,M,NA,NA,NA,NA,5,3,NA,NA,NA,NA,NA,NA,3.03,2.34,NA,Low,Medium,NA,NA,NA,NA,NA,NA,No,NA,NA,NA,0,NA,NA,NA,NA,NA,NA,NA,NA,NA,NA,NA,NA,NA,NA
anon_074.pdf,NA,NA,NA,NA,NA,F,NA,NA,NA,NA,3,1,NA,NA,NA,NA,NA,NA,1.86,1.29,NA,High,High,NA,NA,NA,NA,NA,NA,No,NA,NA,NA,0,NA,NA,NA,NA,NA,NA,NA,NA,NA,NA,NA,NA,NA,NA
anon_075.pdf,NA,NA,NA,NA,NA,F,NA,NA,NA,NA,2,1,NA,NA,NA,NA,NA,NA,3.89,3.11,NA,Low,Low,NA,NA,NA,NA,NA,NA,No,NA,NA,NA,0,NA,NA,NA,NA,NA,NA,NA,NA,NA,NA,NA,NA,NA,NA
anon_076.pdf,NA,NA,NA,NA,NA,M,NA,NA,NA,NA,1,1,NA,NA,NA,NA,NA,NA,1.9,1.42,NA,High,High,NA,NA,NA,NA,NA,NA,No,NA,NA,NA,0,NA,NA,NA,NA,NA,NA,NA,NA,NA,NA,NA,NA,NA,NA
anon_077.pdf,NA,NA,NA,NA,NA,F,NA,NA,NA,NA,5,3,NA,NA,NA,NA,NA,NA,1.26,0.72,NA,High,High,NA,NA,NA,NA,NA,NA,No,NA,NA,NA,0,NA,NA,NA,NA,NA,NA,NA,NA,NA,NA,NA,NA,NA,NA
anon_078.pdf,NA,NA,NA,NA,NA,M,NA,NA,NA,NA,4,5,NA,NA,NA,NA,NA,NA,3.77,3.06,NA,Low,Low,NA,NA,NA,NA,NA,NA,No,NA,NA,NA,0,NA,NA,NA,NA,NA,NA,NA,NA,NA,NA,NA,NA,NA,NA
anon_079.pdf,NA,NA,NA,NA,NA,F,NA,NA,NA,NA,1,1,NA,NA,NA,NA,NA,NA,3.49,2.77,NA,Low,Medium,NA,NA,NA,NA,NA,NA,No,NA,NA,NA,0,NA,NA,NA,NA,NA,NA,NA,NA,NA,NA,NA,NA,NA,NA
anon_080.pdf,NA,NA,NA,NA,NA,M,NA,NA,NA,NA,4,3,NA,NA,NA,NA,NA,NA,3.45,2.85,NA,Low,Medium,NA,NA,NA,NA,NA,NA,No,NA,NA,NA,0,NA,NA,NA,NA,NA,NA,NA,NA,NA,NA,NA,NA,NA,NA
anon_081.pdf,NA,NA,NA,NA,NA,M,NA,NA,NA,NA,3,1,NA,NA,NA,NA,NA,NA,1.54,1.11,NA,High,High,NA,NA,NA,NA,NA,NA,No,NA,NA,NA,0,NA,NA,NA,NA,NA,NA,NA,NA,NA,NA,NA,NA,NA,NA
anon_082.pdf,NA,NA,NA,NA,NA,M,NA,NA,NA,NA,2,2,NA,NA,NA,NA,NA,NA,1.2,0.72,NA,High,High,NA,NA,NA,NA,NA,NA,No,NA,NA,NA,0,NA,NA,NA,NA,NA,NA,NA,NA,NA,NA,NA,NA,NA,NA
anon_083.pdf,NA,NA,NA,NA,NA,F,NA,NA,NA,NA,4,3,NA,NA,NA,NA,NA,NA,1.83,1.38,NA,High,High,NA,NA,NA,NA,NA,NA,No,NA,NA,NA,0,NA,NA,NA,NA,NA,NA,NA,NA,NA,NA,NA,NA,NA,NA
anon_084.pdf,NA,NA,NA,NA,NA,M,NA,NA,NA,NA,5,4,NA,NA,NA,NA,NA,NA,3.9,3.45,NA,Low,Low,NA,NA,NA,NA,NA,NA,No,NA,NA,NA,0,NA,NA,NA,NA,NA,NA,NA,NA,NA,NA,NA,NA,NA,NA
anon_085.pdf,NA,NA,NA,NA,NA,M,NA,NA,NA,NA,2,2,NA,NA,NA,NA,NA,NA,3.89,3.8,NA,Low,Low,NA,NA,NA,NA,NA,NA,No,NA,NA,NA,0,NA,NA,NA,NA,NA,NA,NA,NA,NA,NA,NA,NA,NA,NA
